"antoine.mille.mrgy.sebastien@icloud.com","toto@gmail.com",26/11/2023,06/05/2024
"antoine.mille.site@gmail.com","tata@gmail.com",3/1/2024,05/06/2024
"site@gmail.com","tato@gmail.com",3/1/2024,05/06/2024
"antoinette.millA.site@gmail.com","taaato@gmail.com",3/1/2024,05/06/2024
"antoine.milA.site@gmail.com","tazzto@gmail.com",3/1/2024,05/06/2024
"antoinetteff.millA.site@gmail.com","taaeaato@gmail.com",3/1/2024,05/06/2024
"seb@gmail.com","to@gmail.com",3/1/2024,05/06/2024
"mzi@gmail.com","ta@gmail.com",3/1/2024,05/06/2024
"mzi@gmail.com","tie@gmail.com",3/1/2024,05/06/2024
"mzi@gmail.com","tess@gmail.com",3/1/2024,05/06/2024
